index,timestamp,kwh,building
0,2024-01-01 00:00:00,58.065,Admin Block
1,2024-01-01 00:00:00,99.202,Hostel A
2,2024-01-01 00:00:00,44.473,Library
3,2024-01-01 00:00:00,69.398,Engineering Block
4,2024-01-01 01:00:00,44.874,Admin Block
5,2024-01-01 01:00:00,121.688,Hostel A
6,2024-01-01 01:00:00,61.706,Engineering Block
7,2024-01-01 01:00:00,58.83,Library
8,2024-01-01 02:00:00,126.976,Hostel A
9,2024-01-01 02:00:00,59.018,Admin Block
10,2024-01-01 02:00:00,64.203,Library
11,2024-01-01 02:00:00,77.271,Engineering Block
12,2024-01-01 03:00:00,76.474,Library
13,2024-01-01 03:00:00,151.221,Hostel A
14,2024-01-01 03:00:00,65.953,Admin Block
15,2024-01-01 03:00:00,106.703,Engineering Block
16,2024-01-01 04:00:00,151.035,Hostel A
17,2024-01-01 04:00:00,89.521,Library
18,2024-01-01 04:00:00,129.883,Engineering Block
19,2024-01-01 04:00:00,78.156,Admin Block
20,2024-01-01 05:00:00,115.027,Engineering Block
21,2024-01-01 05:00:00,244.777,Hostel A
22,2024-01-01 05:00:00,98.546,Admin Block
23,2024-01-01 05:00:00,102.201,Library
24,2024-01-01 06:00:00,141.404,Engineering Block
25,2024-01-01 06:00:00,195.331,Hostel A
26,2024-01-01 06:00:00,125.163,Admin Block
27,2024-01-01 06:00:00,143.745,Library
28,2024-01-01 07:00:00,151.834,Engineering Block
29,2024-01-01 07:00:00,253.42,Hostel A
30,2024-01-01 07:00:00,147.757,Admin Block
31,2024-01-01 07:00:00,145.803,Library
32,2024-01-01 08:00:00,203.278,Engineering Block
33,2024-01-01 08:00:00,308.174,Hostel A
34,2024-01-01 08:00:00,161.723,Library
35,2024-01-01 08:00:00,176.118,Admin Block
36,2024-01-01 09:00:00,385.416,Hostel A
37,2024-01-01 09:00:00,204.876,Library
38,2024-01-01 09:00:00,185.214,Engineering Block
39,2024-01-01 09:00:00,183.862,Admin Block
40,2024-01-01 10:00:00,325.155,Hostel A
41,2024-01-01 10:00:00,217.743,Admin Block
42,2024-01-01 10:00:00,239.179,Engineering Block
43,2024-01-01 10:00:00,210.92,Library
44,2024-01-01 11:00:00,268.073,Engineering Block
45,2024-01-01 11:00:00,185.809,Admin Block
46,2024-01-01 11:00:00,440.298,Hostel A
47,2024-01-01 11:00:00,185.037,Library
48,2024-01-01 12:00:00,464.754,Hostel A
49,2024-01-01 12:00:00,220.711,Library
50,2024-01-01 12:00:00,245.73,Admin Block
51,2024-01-01 12:00:00,233.55,Engineering Block
52,2024-01-01 13:00:00,170.884,Admin Block
53,2024-01-01 13:00:00,189.359,Library
54,2024-01-01 13:00:00,332.776,Hostel A
55,2024-01-01 13:00:00,270.817,Engineering Block
56,2024-01-01 14:00:00,384.284,Hostel A
57,2024-01-01 14:00:00,252.227,Engineering Block
58,2024-01-01 14:00:00,232.285,Library
59,2024-01-01 14:00:00,216.546,Admin Block
60,2024-01-01 15:00:00,223.075,Library
61,2024-01-01 15:00:00,278.586,Hostel A
62,2024-01-01 15:00:00,184.676,Engineering Block
63,2024-01-01 15:00:00,183.718,Admin Block
64,2024-01-01 16:00:00,177.497,Admin Block
65,2024-01-01 16:00:00,213.109,Engineering Block
66,2024-01-01 16:00:00,177.948,Library
67,2024-01-01 16:00:00,302.071,Hostel A
68,2024-01-01 17:00:00,180.477,Library
69,2024-01-01 17:00:00,229.931,Hostel A
70,2024-01-01 17:00:00,131.951,Admin Block
71,2024-01-01 17:00:00,167.213,Engineering Block
72,2024-01-01 18:00:00,114.13,Library
73,2024-01-01 18:00:00,287.867,Hostel A
74,2024-01-01 18:00:00,117.295,Admin Block
75,2024-01-01 18:00:00,154.721,Engineering Block
76,2024-01-01 19:00:00,126.244,Admin Block
77,2024-01-01 19:00:00,200.356,Hostel A
78,2024-01-01 19:00:00,116.136,Library
79,2024-01-01 19:00:00,123.574,Engineering Block
80,2024-01-01 20:00:00,110.874,Admin Block
81,2024-01-01 20:00:00,79.339,Library
82,2024-01-01 20:00:00,120.773,Engineering Block
83,2024-01-01 20:00:00,200.984,Hostel A
84,2024-01-01 21:00:00,156.186,Hostel A
85,2024-01-01 21:00:00,76.719,Library
86,2024-01-01 21:00:00,71.074,Admin Block
87,2024-01-01 21:00:00,90.013,Engineering Block
88,2024-01-01 22:00:00,66.378,Engineering Block
89,2024-01-01 22:00:00,134.06,Hostel A
90,2024-01-01 22:00:00,55.272,Library
91,2024-01-01 22:00:00,69.015,Admin Block
92,2024-01-01 23:00:00,68.541,Engineering Block
93,2024-01-01 23:00:00,49.082,Library
94,2024-01-01 23:00:00,64.534,Admin Block
95,2024-01-01 23:00:00,88.96,Hostel A
96,2024-01-02 00:00:00,71.247,Engineering Block
97,2024-01-02 00:00:00,80.809,Hostel A
98,2024-01-02 00:00:00,57.003,Library
99,2024-01-02 00:00:00,61.785,Admin Block
100,2024-01-02 01:00:00,51.363,Library
101,2024-01-02 01:00:00,46.779,Admin Block
102,2024-01-02 01:00:00,106.463,Hostel A
103,2024-01-02 01:00:00,62.123,Engineering Block
104,2024-01-02 02:00:00,52.269,Admin Block
105,2024-01-02 02:00:00,55.546,Library
106,2024-01-02 02:00:00,101.399,Hostel A
107,2024-01-02 02:00:00,68.381,Engineering Block
108,2024-01-02 03:00:00,88.078,Engineering Block
109,2024-01-02 03:00:00,70.153,Library
110,2024-01-02 03:00:00,66.662,Admin Block
111,2024-01-02 03:00:00,153.22,Hostel A
112,2024-01-02 04:00:00,90.27,Library
113,2024-01-02 04:00:00,164.144,Hostel A
114,2024-01-02 04:00:00,107.508,Admin Block
115,2024-01-02 04:00:00,131.681,Engineering Block
116,2024-01-02 05:00:00,114.4,Library
117,2024-01-02 05:00:00,207.902,Hostel A
118,2024-01-02 05:00:00,94.583,Admin Block
119,2024-01-02 05:00:00,161.047,Engineering Block
120,2024-01-02 06:00:00,120.831,Library
121,2024-01-02 06:00:00,171.203,Engineering Block
122,2024-01-02 06:00:00,129.195,Admin Block
123,2024-01-02 06:00:00,286.009,Hostel A
124,2024-01-02 07:00:00,283.645,Hostel A
125,2024-01-02 07:00:00,182.349,Admin Block
126,2024-01-02 07:00:00,167.407,Library
127,2024-01-02 07:00:00,214.846,Engineering Block
128,2024-01-02 08:00:00,175.726,Admin Block
129,2024-01-02 08:00:00,237.003,Engineering Block
130,2024-01-02 08:00:00,266.836,Hostel A
131,2024-01-02 08:00:00,177.151,Library
132,2024-01-02 09:00:00,204.586,Admin Block
133,2024-01-02 09:00:00,216.977,Engineering Block
134,2024-01-02 09:00:00,195.817,Library
135,2024-01-02 09:00:00,299.28,Hostel A
136,2024-01-02 10:00:00,187.764,Admin Block
137,2024-01-02 10:00:00,376.571,Hostel A
138,2024-01-02 10:00:00,203.682,Engineering Block
139,2024-01-02 10:00:00,199.057,Library
140,2024-01-02 11:00:00,268.505,Engineering Block
141,2024-01-02 11:00:00,226.439,Admin Block
142,2024-01-02 11:00:00,388.226,Hostel A
143,2024-01-02 11:00:00,242.167,Library
144,2024-01-02 12:00:00,226.543,Library
145,2024-01-02 12:00:00,242.017,Admin Block
146,2024-01-02 12:00:00,262.184,Engineering Block
147,2024-01-02 12:00:00,410.886,Hostel A
148,2024-01-02 13:00:00,238.972,Engineering Block
149,2024-01-02 13:00:00,369.324,Hostel A
150,2024-01-02 13:00:00,187.44,Library
151,2024-01-02 13:00:00,170.117,Admin Block
152,2024-01-02 14:00:00,225.232,Library
153,2024-01-02 14:00:00,216.614,Engineering Block
154,2024-01-02 14:00:00,392.048,Hostel A
155,2024-01-02 14:00:00,223.007,Admin Block
156,2024-01-02 15:00:00,227.157,Admin Block
157,2024-01-02 15:00:00,332.378,Hostel A
158,2024-01-02 15:00:00,231.718,Library
159,2024-01-02 15:00:00,219.58,Engineering Block
160,2024-01-02 16:00:00,190.641,Admin Block
161,2024-01-02 16:00:00,205.621,Engineering Block
162,2024-01-02 16:00:00,178.359,Library
163,2024-01-02 16:00:00,332.112,Hostel A
164,2024-01-02 17:00:00,140.586,Admin Block
165,2024-01-02 17:00:00,167.952,Engineering Block
166,2024-01-02 17:00:00,311.283,Hostel A
167,2024-01-02 17:00:00,183.201,Library
168,2024-01-02 18:00:00,212.15,Hostel A
169,2024-01-02 18:00:00,148.841,Admin Block
170,2024-01-02 18:00:00,146.821,Engineering Block
171,2024-01-02 18:00:00,128.507,Library
172,2024-01-02 19:00:00,94.803,Admin Block
173,2024-01-02 19:00:00,132.998,Engineering Block
174,2024-01-02 19:00:00,195.374,Hostel A
175,2024-01-02 19:00:00,119.006,Library
176,2024-01-02 20:00:00,93.256,Library
177,2024-01-02 20:00:00,170.557,Hostel A
178,2024-01-02 20:00:00,91.437,Admin Block
179,2024-01-02 20:00:00,128.28,Engineering Block
180,2024-01-02 21:00:00,76.992,Library
181,2024-01-02 21:00:00,89.359,Admin Block
182,2024-01-02 21:00:00,95.391,Engineering Block
183,2024-01-02 21:00:00,150.601,Hostel A
184,2024-01-02 22:00:00,73.199,Library
185,2024-01-02 22:00:00,58.795,Admin Block
186,2024-01-02 22:00:00,70.275,Engineering Block
187,2024-01-02 22:00:00,105.408,Hostel A
188,2024-01-02 23:00:00,104.58,Hostel A
189,2024-01-02 23:00:00,58.506,Library
190,2024-01-02 23:00:00,51.328,Admin Block
191,2024-01-02 23:00:00,61.358,Engineering Block
192,2024-01-03 00:00:00,102.228,Hostel A
193,2024-01-03 00:00:00,45.465,Admin Block
194,2024-01-03 00:00:00,64.84,Library
195,2024-01-03 00:00:00,62.901,Engineering Block
196,2024-01-03 01:00:00,118.529,Hostel A
197,2024-01-03 01:00:00,59.403,Engineering Block
198,2024-01-03 01:00:00,58.705,Library
199,2024-01-03 01:00:00,45.306,Admin Block
200,2024-01-03 02:00:00,67.748,Engineering Block
201,2024-01-03 02:00:00,68.67,Admin Block
202,2024-01-03 02:00:00,54.891,Library
203,2024-01-03 02:00:00,110.514,Hostel A
204,2024-01-03 03:00:00,67.946,Admin Block
205,2024-01-03 03:00:00,74.767,Library
206,2024-01-03 03:00:00,92.727,Engineering Block
207,2024-01-03 03:00:00,147.848,Hostel A
208,2024-01-03 04:00:00,84.625,Admin Block
209,2024-01-03 04:00:00,93.601,Engineering Block
210,2024-01-03 04:00:00,109.517,Library
211,2024-01-03 04:00:00,149.355,Hostel A
212,2024-01-03 05:00:00,111.548,Library
213,2024-01-03 05:00:00,112.308,Admin Block
214,2024-01-03 05:00:00,134.4,Engineering Block
215,2024-01-03 05:00:00,205.426,Hostel A
216,2024-01-03 06:00:00,212.488,Hostel A
217,2024-01-03 06:00:00,151.33,Engineering Block
218,2024-01-03 06:00:00,111.252,Library
219,2024-01-03 06:00:00,109.571,Admin Block
220,2024-01-03 07:00:00,142.475,Library
221,2024-01-03 07:00:00,158.69,Admin Block
222,2024-01-03 07:00:00,200.402,Engineering Block
223,2024-01-03 07:00:00,328.265,Hostel A
224,2024-01-03 08:00:00,228.757,Engineering Block
225,2024-01-03 08:00:00,148.919,Admin Block
226,2024-01-03 08:00:00,147.477,Library
227,2024-01-03 08:00:00,307.798,Hostel A
228,2024-01-03 09:00:00,196.79,Admin Block
229,2024-01-03 09:00:00,245.546,Engineering Block
230,2024-01-03 09:00:00,234.009,Library
231,2024-01-03 09:00:00,392.461,Hostel A
232,2024-01-03 10:00:00,261.798,Engineering Block
233,2024-01-03 10:00:00,247.734,Library
234,2024-01-03 10:00:00,218.922,Admin Block
235,2024-01-03 10:00:00,357.57,Hostel A
236,2024-01-03 11:00:00,242.741,Library
237,2024-01-03 11:00:00,177.201,Admin Block
238,2024-01-03 11:00:00,240.19,Engineering Block
239,2024-01-03 11:00:00,446.707,Hostel A
240,2024-01-03 12:00:00,206.109,Admin Block
241,2024-01-03 12:00:00,374.623,Hostel A
242,2024-01-03 12:00:00,273.49,Engineering Block
243,2024-01-03 12:00:00,228.459,Library
244,2024-01-03 13:00:00,227.105,Admin Block
245,2024-01-03 13:00:00,236.775,Engineering Block
246,2024-01-03 13:00:00,358.51,Hostel A
247,2024-01-03 13:00:00,239.682,Library
248,2024-01-03 14:00:00,250.468,Engineering Block
249,2024-01-03 14:00:00,380.557,Hostel A
250,2024-01-03 14:00:00,195.764,Admin Block
251,2024-01-03 14:00:00,180.904,Library
252,2024-01-03 15:00:00,179.23,Library
253,2024-01-03 15:00:00,212.216,Engineering Block
254,2024-01-03 15:00:00,394.577,Hostel A
255,2024-01-03 15:00:00,155.799,Admin Block
256,2024-01-03 16:00:00,203.639,Engineering Block
257,2024-01-03 16:00:00,180.076,Library
258,2024-01-03 16:00:00,362.122,Hostel A
259,2024-01-03 16:00:00,175.916,Admin Block
260,2024-01-03 17:00:00,149.415,Library
261,2024-01-03 17:00:00,152.579,Engineering Block
262,2024-01-03 17:00:00,164.219,Admin Block
263,2024-01-03 17:00:00,291.968,Hostel A
264,2024-01-03 18:00:00,202.968,Hostel A
265,2024-01-03 18:00:00,134.199,Admin Block
266,2024-01-03 18:00:00,112.266,Library
267,2024-01-03 18:00:00,143.674,Engineering Block
268,2024-01-03 19:00:00,213.607,Hostel A
269,2024-01-03 19:00:00,138.291,Library
270,2024-01-03 19:00:00,132.728,Admin Block
271,2024-01-03 19:00:00,160.809,Engineering Block
272,2024-01-03 20:00:00,153.036,Hostel A
273,2024-01-03 20:00:00,100.03,Engineering Block
274,2024-01-03 20:00:00,96.616,Admin Block
275,2024-01-03 20:00:00,93.786,Library
276,2024-01-03 21:00:00,89.199,Admin Block
277,2024-01-03 21:00:00,99.272,Engineering Block
278,2024-01-03 21:00:00,153.176,Hostel A
279,2024-01-03 21:00:00,79.117,Library
280,2024-01-03 22:00:00,81.569,Engineering Block
281,2024-01-03 22:00:00,135.387,Hostel A
282,2024-01-03 22:00:00,54.792,Admin Block
283,2024-01-03 22:00:00,61.256,Library
284,2024-01-03 23:00:00,47.996,Admin Block
285,2024-01-03 23:00:00,52.141,Library
286,2024-01-03 23:00:00,73.37,Engineering Block
287,2024-01-03 23:00:00,102.942,Hostel A
288,2024-01-04 00:00:00,59.923,Admin Block
289,2024-01-04 00:00:00,101.396,Hostel A
290,2024-01-04 00:00:00,63.425,Engineering Block
291,2024-01-04 00:00:00,52.397,Library
292,2024-01-04 01:00:00,65.345,Library
293,2024-01-04 01:00:00,84.535,Hostel A
294,2024-01-04 01:00:00,69.942,Engineering Block
295,2024-01-04 01:00:00,53.793,Admin Block
296,2024-01-04 02:00:00,118.803,Hostel A
297,2024-01-04 02:00:00,55.507,Admin Block
298,2024-01-04 02:00:00,63.612,Engineering Block
299,2024-01-04 02:00:00,72.15,Library
300,2024-01-04 03:00:00,119.352,Hostel A
301,2024-01-04 03:00:00,76.444,Engineering Block
302,2024-01-04 03:00:00,89.94,Admin Block
303,2024-01-04 03:00:00,75.174,Library
304,2024-01-04 04:00:00,87.697,Admin Block
305,2024-01-04 04:00:00,98.612,Engineering Block
306,2024-01-04 04:00:00,77.331,Library
307,2024-01-04 04:00:00,178.192,Hostel A
308,2024-01-04 05:00:00,129.68,Library
309,2024-01-04 05:00:00,194.393,Hostel A
310,2024-01-04 05:00:00,754.971,Admin Block
311,2024-01-04 05:00:00,116.449,Engineering Block
312,2024-01-04 06:00:00,124.543,Library
313,2024-01-04 06:00:00,269.476,Hostel A
314,2024-01-04 06:00:00,145.464,Admin Block
315,2024-01-04 06:00:00,134.541,Engineering Block
316,2024-01-04 07:00:00,230.423,Hostel A
317,2024-01-04 07:00:00,177.751,Admin Block
318,2024-01-04 07:00:00,157.594,Engineering Block
319,2024-01-04 07:00:00,163.747,Library
320,2024-01-04 08:00:00,212.645,Engineering Block
321,2024-01-04 08:00:00,144.51,Library
322,2024-01-04 08:00:00,267.042,Hostel A
323,2024-01-04 08:00:00,182.005,Admin Block
324,2024-01-04 09:00:00,199.625,Engineering Block
325,2024-01-04 09:00:00,208.086,Library
326,2024-01-04 09:00:00,209.075,Admin Block
327,2024-01-04 09:00:00,372.193,Hostel A
328,2024-01-04 10:00:00,287.394,Engineering Block
329,2024-01-04 10:00:00,199.11,Library
330,2024-01-04 10:00:00,190.471,Admin Block
331,2024-01-04 10:00:00,372.051,Hostel A
332,2024-01-04 11:00:00,191.327,Admin Block
333,2024-01-04 11:00:00,271.359,Engineering Block
334,2024-01-04 11:00:00,395.491,Hostel A
335,2024-01-04 11:00:00,216.46,Library
336,2024-01-04 12:00:00,442.992,Hostel A
337,2024-01-04 12:00:00,260.46,Engineering Block
338,2024-01-04 12:00:00,212.046,Library
339,2024-01-04 12:00:00,247.247,Admin Block
340,2024-01-04 13:00:00,204.659,Admin Block
341,2024-01-04 13:00:00,203.786,Library
342,2024-01-04 13:00:00,382.587,Hostel A
343,2024-01-04 13:00:00,273.946,Engineering Block
344,2024-01-04 14:00:00,220.395,Engineering Block
345,2024-01-04 14:00:00,212.741,Library
346,2024-01-04 14:00:00,240.417,Admin Block
347,2024-01-04 14:00:00,415.77,Hostel A
348,2024-01-04 15:00:00,202.425,Admin Block
349,2024-01-04 15:00:00,267.046,Engineering Block
350,2024-01-04 15:00:00,232.372,Library
351,2024-01-04 15:00:00,348.095,Hostel A
352,2024-01-04 16:00:00,370.438,Hostel A
353,2024-01-04 16:00:00,236.456,Engineering Block
354,2024-01-04 16:00:00,150.733,Library
355,2024-01-04 16:00:00,181.868,Admin Block
356,2024-01-04 17:00:00,130.371,Admin Block
357,2024-01-04 17:00:00,146.665,Library
358,2024-01-04 17:00:00,201.781,Engineering Block
359,2024-01-04 17:00:00,299.981,Hostel A
360,2024-01-04 18:00:00,158.894,Engineering Block
361,2024-01-04 18:00:00,209.205,Hostel A
362,2024-01-04 18:00:00,112.053,Library
363,2024-01-04 18:00:00,157.39,Admin Block
364,2024-01-04 19:00:00,194.468,Hostel A
365,2024-01-04 19:00:00,110.43,Admin Block
366,2024-01-04 19:00:00,126.945,Library
367,2024-01-04 19:00:00,153.801,Engineering Block
368,2024-01-04 20:00:00,102.09,Library
369,2024-01-04 20:00:00,96.311,Admin Block
370,2024-01-04 20:00:00,123.088,Engineering Block
371,2024-01-04 20:00:00,195.313,Hostel A
372,2024-01-04 21:00:00,73.983,Admin Block
373,2024-01-04 21:00:00,98.123,Engineering Block
374,2024-01-04 21:00:00,69.974,Library
375,2024-01-04 21:00:00,131.745,Hostel A
376,2024-01-04 22:00:00,57.344,Admin Block
377,2024-01-04 22:00:00,63.714,Library
378,2024-01-04 22:00:00,89.678,Engineering Block
379,2024-01-04 22:00:00,102.384,Hostel A
380,2024-01-04 23:00:00,61.004,Library
381,2024-01-04 23:00:00,101.218,Hostel A
382,2024-01-04 23:00:00,65.139,Admin Block
383,2024-01-04 23:00:00,70.939,Engineering Block
384,2024-01-05 00:00:00,60.628,Engineering Block
385,2024-01-05 00:00:00,58.424,Library
386,2024-01-05 00:00:00,54.934,Admin Block
387,2024-01-05 00:00:00,93.187,Hostel A
388,2024-01-05 01:00:00,107.207,Hostel A
389,2024-01-05 01:00:00,68.762,Engineering Block
390,2024-01-05 01:00:00,50.081,Library
391,2024-01-05 01:00:00,44.936,Admin Block
392,2024-01-05 02:00:00,113.971,Hostel A
393,2024-01-05 02:00:00,467.891,Library
394,2024-01-05 02:00:00,67.594,Engineering Block
395,2024-01-05 02:00:00,67.088,Admin Block
396,2024-01-05 03:00:00,126.736,Hostel A
397,2024-01-05 03:00:00,80.852,Engineering Block
398,2024-01-05 03:00:00,87.774,Library
399,2024-01-05 03:00:00,71.48,Admin Block
400,2024-01-05 04:00:00,94.394,Admin Block
401,2024-01-05 04:00:00,164.419,Hostel A
402,2024-01-05 04:00:00,122.232,Engineering Block
403,2024-01-05 04:00:00,81.977,Library
404,2024-01-05 05:00:00,150.708,Engineering Block
405,2024-01-05 05:00:00,130.084,Admin Block
406,2024-01-05 05:00:00,198.948,Hostel A
407,2024-01-05 05:00:00,132.995,Library
408,2024-01-05 06:00:00,125.788,Admin Block
409,2024-01-05 06:00:00,282.587,Hostel A
410,2024-01-05 06:00:00,190.404,Engineering Block
411,2024-01-05 06:00:00,150.852,Library
412,2024-01-05 07:00:00,211.007,Engineering Block
413,2024-01-05 07:00:00,177.436,Library
414,2024-01-05 07:00:00,335.153,Hostel A
415,2024-01-05 07:00:00,179.306,Admin Block
416,2024-01-05 08:00:00,181.451,Library
417,2024-01-05 08:00:00,211.838,Engineering Block
418,2024-01-05 08:00:00,332.068,Hostel A
419,2024-01-05 08:00:00,181.983,Admin Block
420,2024-01-05 09:00:00,153.205,Admin Block
421,2024-01-05 09:00:00,173.587,Library
422,2024-01-05 09:00:00,190.68,Engineering Block
423,2024-01-05 09:00:00,288.875,Hostel A
424,2024-01-05 10:00:00,242.298,Engineering Block
425,2024-01-05 10:00:00,237.546,Admin Block
426,2024-01-05 10:00:00,243.387,Library
427,2024-01-05 10:00:00,404.356,Hostel A
428,2024-01-05 11:00:00,226.81,Admin Block
429,2024-01-05 11:00:00,411.953,Hostel A
430,2024-01-05 11:00:00,296.285,Engineering Block
431,2024-01-05 11:00:00,224.696,Library
432,2024-01-05 12:00:00,255.908,Admin Block
433,2024-01-05 12:00:00,285.737,Engineering Block
434,2024-01-05 12:00:00,440.237,Hostel A
435,2024-01-05 12:00:00,206.017,Library
436,2024-01-05 13:00:00,196.236,Library
437,2024-01-05 13:00:00,361.013,Hostel A
438,2024-01-05 13:00:00,183.102,Admin Block
439,2024-01-05 13:00:00,251.473,Engineering Block
440,2024-01-05 14:00:00,243.009,Library
441,2024-01-05 14:00:00,239.027,Engineering Block
442,2024-01-05 14:00:00,304.618,Hostel A
443,2024-01-05 14:00:00,173.299,Admin Block
444,2024-01-05 15:00:00,189.134,Library
445,2024-01-05 15:00:00,202.377,Engineering Block
446,2024-01-05 15:00:00,222.881,Admin Block
447,2024-01-05 15:00:00,362.181,Hostel A
448,2024-01-05 16:00:00,181.325,Engineering Block
449,2024-01-05 16:00:00,181.226,Library
450,2024-01-05 16:00:00,268.839,Hostel A
451,2024-01-05 16:00:00,187.079,Admin Block
452,2024-01-05 17:00:00,153.474,Engineering Block
453,2024-01-05 17:00:00,165.38,Library
454,2024-01-05 17:00:00,310.397,Hostel A
455,2024-01-05 17:00:00,127.366,Admin Block
456,2024-01-05 18:00:00,185.298,Engineering Block
457,2024-01-05 18:00:00,272.072,Hostel A
458,2024-01-05 18:00:00,147.036,Admin Block
459,2024-01-05 18:00:00,155.103,Library
460,2024-01-05 19:00:00,121.621,Library
461,2024-01-05 19:00:00,142.874,Engineering Block
462,2024-01-05 19:00:00,124.131,Admin Block
463,2024-01-05 19:00:00,198.092,Hostel A
464,2024-01-05 20:00:00,96.117,Engineering Block
465,2024-01-05 20:00:00,109.184,Admin Block
466,2024-01-05 20:00:00,83.62,Library
467,2024-01-05 20:00:00,200.631,Hostel A
468,2024-01-05 21:00:00,81.874,Library
469,2024-01-05 21:00:00,121.851,Hostel A
470,2024-01-05 21:00:00,83.304,Admin Block
471,2024-01-05 21:00:00,89.042,Engineering Block
472,2024-01-05 22:00:00,54.454,Admin Block
473,2024-01-05 22:00:00,137.629,Hostel A
474,2024-01-05 22:00:00,63.062,Engineering Block
475,2024-01-05 22:00:00,65.625,Library
476,2024-01-05 23:00:00,59.51,Engineering Block
477,2024-01-05 23:00:00,58.79,Library
478,2024-01-05 23:00:00,45.317,Admin Block
479,2024-01-05 23:00:00,100.926,Hostel A
480,2024-01-06 00:00:00,43.249,Admin Block
481,2024-01-06 00:00:00,107.605,Hostel A
482,2024-01-06 00:00:00,69.976,Engineering Block
483,2024-01-06 00:00:00,59.259,Library
484,2024-01-06 01:00:00,51.819,Library
485,2024-01-06 01:00:00,45.506,Admin Block
486,2024-01-06 01:00:00,71.409,Engineering Block
487,2024-01-06 01:00:00,112.688,Hostel A
488,2024-01-06 02:00:00,57.58,Admin Block
489,2024-01-06 02:00:00,139.435,Hostel A
490,2024-01-06 02:00:00,76.291,Engineering Block
491,2024-01-06 02:00:00,57.647,Library
492,2024-01-06 03:00:00,83.903,Engineering Block
493,2024-01-06 03:00:00,66.686,Library
494,2024-01-06 03:00:00,87.867,Admin Block
495,2024-01-06 03:00:00,166.667,Hostel A
496,2024-01-06 04:00:00,87.36,Library
497,2024-01-06 04:00:00,139.04,Hostel A
498,2024-01-06 04:00:00,94.834,Admin Block
499,2024-01-06 04:00:00,118.938,Engineering Block
500,2024-01-06 05:00:00,159.989,Engineering Block
501,2024-01-06 05:00:00,115.069,Admin Block
502,2024-01-06 05:00:00,93.19,Library
503,2024-01-06 05:00:00,165.799,Hostel A
504,2024-01-06 06:00:00,156.029,Engineering Block
505,2024-01-06 06:00:00,144.298,Library
506,2024-01-06 06:00:00,151.656,Admin Block
507,2024-01-06 06:00:00,247.621,Hostel A
508,2024-01-06 07:00:00,130.952,Admin Block
509,2024-01-06 07:00:00,145.518,Library
510,2024-01-06 07:00:00,153.215,Engineering Block
511,2024-01-06 07:00:00,228.774,Hostel A
512,2024-01-06 08:00:00,171.374,Engineering Block
513,2024-01-06 08:00:00,336.361,Hostel A
514,2024-01-06 08:00:00,158.108,Admin Block
515,2024-01-06 08:00:00,156.049,Library
516,2024-01-06 09:00:00,190.049,Engineering Block
517,2024-01-06 09:00:00,196.521,Admin Block
518,2024-01-06 09:00:00,163.774,Library
519,2024-01-06 09:00:00,351.514,Hostel A
520,2024-01-06 10:00:00,288.135,Engineering Block
521,2024-01-06 10:00:00,240.803,Admin Block
522,2024-01-06 10:00:00,394.526,Hostel A
523,2024-01-06 10:00:00,190.456,Library
524,2024-01-06 11:00:00,257.106,Engineering Block
525,2024-01-06 11:00:00,375.452,Hostel A
526,2024-01-06 11:00:00,215.864,Admin Block
527,2024-01-06 11:00:00,192.002,Library
528,2024-01-06 12:00:00,172.35,Admin Block
529,2024-01-06 12:00:00,290.846,Engineering Block
530,2024-01-06 12:00:00,354.005,Hostel A
531,2024-01-06 12:00:00,200.693,Library
532,2024-01-06 13:00:00,214.235,Library
533,2024-01-06 13:00:00,236.059,Admin Block
534,2024-01-06 13:00:00,453.628,Hostel A
535,2024-01-06 13:00:00,219.591,Engineering Block
536,2024-01-06 14:00:00,403.657,Hostel A
537,2024-01-06 14:00:00,220.05,Engineering Block
538,2024-01-06 14:00:00,212.617,Library
539,2024-01-06 14:00:00,181.07,Admin Block
540,2024-01-06 15:00:00,278.216,Hostel A
541,2024-01-06 15:00:00,222.383,Library
542,2024-01-06 15:00:00,245.626,Engineering Block
543,2024-01-06 15:00:00,213.343,Admin Block
544,2024-01-06 16:00:00,241.152,Engineering Block
545,2024-01-06 16:00:00,265.714,Hostel A
546,2024-01-06 16:00:00,213.211,Library
547,2024-01-06 16:00:00,165.647,Admin Block
548,2024-01-06 17:00:00,173.24,Engineering Block
549,2024-01-06 17:00:00,176.533,Admin Block
550,2024-01-06 17:00:00,129.902,Library
551,2024-01-06 17:00:00,296.018,Hostel A
552,2024-01-06 18:00:00,222.769,Hostel A
553,2024-01-06 18:00:00,146.591,Admin Block
554,2024-01-06 18:00:00,132.271,Engineering Block
555,2024-01-06 18:00:00,122.498,Library
556,2024-01-06 19:00:00,154.993,Engineering Block
557,2024-01-06 19:00:00,115.223,Admin Block
558,2024-01-06 19:00:00,198.01,Hostel A
559,2024-01-06 19:00:00,122.537,Library
560,2024-01-06 20:00:00,102.733,Engineering Block
561,2024-01-06 20:00:00,189.572,Hostel A
562,2024-01-06 20:00:00,79.804,Admin Block
563,2024-01-06 20:00:00,83.034,Library
564,2024-01-06 21:00:00,131.962,Hostel A
565,2024-01-06 21:00:00,101.102,Engineering Block
566,2024-01-06 21:00:00,63.285,Admin Block
567,2024-01-06 21:00:00,90.686,Library
568,2024-01-06 22:00:00,136.844,Hostel A
569,2024-01-06 22:00:00,58.458,Library
570,2024-01-06 22:00:00,66.414,Engineering Block
571,2024-01-06 22:00:00,54.379,Admin Block
572,2024-01-06 23:00:00,72.59,Engineering Block
573,2024-01-06 23:00:00,45.871,Admin Block
574,2024-01-06 23:00:00,111.363,Hostel A
575,2024-01-06 23:00:00,63.263,Library
576,2024-01-07 00:00:00,99.385,Hostel A
577,2024-01-07 00:00:00,72.813,Engineering Block
578,2024-01-07 00:00:00,44.984,Admin Block
579,2024-01-07 00:00:00,58.239,Library
580,2024-01-07 01:00:00,64.581,Library
581,2024-01-07 01:00:00,49.935,Admin Block
582,2024-01-07 01:00:00,89.279,Hostel A
583,2024-01-07 01:00:00,73.457,Engineering Block
584,2024-01-07 02:00:00,53.55,Library
585,2024-01-07 02:00:00,112.7,Hostel A
586,2024-01-07 02:00:00,72.602,Engineering Block
587,2024-01-07 02:00:00,69.545,Admin Block
588,2024-01-07 03:00:00,154.873,Hostel A
589,2024-01-07 03:00:00,70.446,Library
590,2024-01-07 03:00:00,78.64,Admin Block
591,2024-01-07 03:00:00,100.571,Engineering Block
592,2024-01-07 04:00:00,95.944,Engineering Block
593,2024-01-07 04:00:00,203.834,Hostel A
594,2024-01-07 04:00:00,75.175,Admin Block
595,2024-01-07 04:00:00,103.9,Library
596,2024-01-07 05:00:00,96.774,Library
597,2024-01-07 05:00:00,93.395,Admin Block
598,2024-01-07 05:00:00,170.543,Hostel A
599,2024-01-07 05:00:00,125.213,Engineering Block
600,2024-01-07 06:00:00,158.339,Admin Block
601,2024-01-07 06:00:00,155.008,Engineering Block
602,2024-01-07 06:00:00,207.845,Hostel A
603,2024-01-07 06:00:00,111.438,Library
604,2024-01-07 07:00:00,149.447,Library
605,2024-01-07 07:00:00,158.319,Admin Block
606,2024-01-07 07:00:00,212.949,Engineering Block
607,2024-01-07 07:00:00,308.206,Hostel A
608,2024-01-07 08:00:00,152.843,Admin Block
609,2024-01-07 08:00:00,184.764,Library
610,2024-01-07 08:00:00,179.37,Engineering Block
611,2024-01-07 08:00:00,358.675,Hostel A
612,2024-01-07 09:00:00,160.408,Library
613,2024-01-07 09:00:00,289.65,Hostel A
614,2024-01-07 09:00:00,171.18,Admin Block
615,2024-01-07 09:00:00,262.794,Engineering Block
616,2024-01-07 10:00:00,172.268,Library
617,2024-01-07 10:00:00,272.486,Engineering Block
618,2024-01-07 10:00:00,418.622,Hostel A
619,2024-01-07 10:00:00,222.495,Admin Block
620,2024-01-07 11:00:00,185.048,Admin Block
621,2024-01-07 11:00:00,428.57,Hostel A
622,2024-01-07 11:00:00,300.706,Engineering Block
623,2024-01-07 11:00:00,177.142,Library
624,2024-01-07 12:00:00,210.312,Library
625,2024-01-07 12:00:00,242.695,Engineering Block
626,2024-01-07 12:00:00,418.771,Hostel A
627,2024-01-07 12:00:00,220.393,Admin Block
628,2024-01-07 13:00:00,231.314,Library
629,2024-01-07 13:00:00,223.123,Engineering Block
630,2024-01-07 13:00:00,359.856,Hostel A
631,2024-01-07 13:00:00,250.337,Admin Block
632,2024-01-07 14:00:00,183.306,Library
633,2024-01-07 14:00:00,218.125,Engineering Block
634,2024-01-07 14:00:00,230.847,Admin Block
635,2024-01-07 14:00:00,361.678,Hostel A
636,2024-01-07 15:00:00,258.025,Engineering Block
637,2024-01-07 15:00:00,328.139,Hostel A
638,2024-01-07 15:00:00,170.231,Admin Block
639,2024-01-07 15:00:00,224.818,Library
640,2024-01-07 16:00:00,172.994,Admin Block
641,2024-01-07 16:00:00,246.953,Engineering Block
642,2024-01-07 16:00:00,173.535,Library
643,2024-01-07 16:00:00,359.521,Hostel A
644,2024-01-07 17:00:00,261.894,Hostel A
645,2024-01-07 17:00:00,161.516,Admin Block
646,2024-01-07 17:00:00,199.745,Engineering Block
647,2024-01-07 17:00:00,166.09,Library
648,2024-01-07 18:00:00,150.959,Admin Block
649,2024-01-07 18:00:00,159.038,Engineering Block
650,2024-01-07 18:00:00,226.131,Hostel A
651,2024-01-07 18:00:00,125.698,Library
652,2024-01-07 19:00:00,121.236,Library
653,2024-01-07 19:00:00,241.407,Hostel A
654,2024-01-07 19:00:00,123.764,Engineering Block
655,2024-01-07 19:00:00,97.218,Admin Block
656,2024-01-07 20:00:00,75.4,Admin Block
657,2024-01-07 20:00:00,113.467,Library
658,2024-01-07 20:00:00,127.076,Engineering Block
659,2024-01-07 20:00:00,199.008,Hostel A
660,2024-01-07 21:00:00,166.409,Hostel A
661,2024-01-07 21:00:00,63.596,Admin Block
662,2024-01-07 21:00:00,77.348,Library
663,2024-01-07 21:00:00,105.937,Engineering Block
664,2024-01-07 22:00:00,131.313,Hostel A
665,2024-01-07 22:00:00,63.735,Admin Block
666,2024-01-07 22:00:00,58.185,Library
667,2024-01-07 22:00:00,64.386,Engineering Block
668,2024-01-07 23:00:00,59.687,Engineering Block
669,2024-01-07 23:00:00,85.429,Hostel A
670,2024-01-07 23:00:00,58.475,Admin Block
671,2024-01-07 23:00:00,55.962,Library
672,2024-01-08 00:00:00,72.565,Engineering Block
673,2024-01-08 00:00:00,81.43,Hostel A
674,2024-01-08 00:00:00,54.831,Admin Block
675,2024-01-08 00:00:00,53.663,Library
676,2024-01-08 01:00:00,51.992,Admin Block
677,2024-01-08 01:00:00,104.675,Hostel A
678,2024-01-08 01:00:00,76.72,Engineering Block
679,2024-01-08 01:00:00,57.86,Library
680,2024-01-08 02:00:00,71.234,Engineering Block
681,2024-01-08 02:00:00,66.587,Library
682,2024-01-08 02:00:00,133.588,Hostel A
683,2024-01-08 02:00:00,76.611,Admin Block
684,2024-01-08 03:00:00,64.533,Library
685,2024-01-08 03:00:00,84.069,Engineering Block
686,2024-01-08 03:00:00,79.256,Admin Block
687,2024-01-08 03:00:00,161.674,Hostel A
688,2024-01-08 04:00:00,83.148,Library
689,2024-01-08 04:00:00,109.009,Engineering Block
690,2024-01-08 04:00:00,88.906,Admin Block
691,2024-01-08 04:00:00,179.711,Hostel A
692,2024-01-08 05:00:00,137.423,Engineering Block
693,2024-01-08 05:00:00,243.094,Hostel A
694,2024-01-08 05:00:00,114.984,Admin Block
695,2024-01-08 05:00:00,113.586,Library
696,2024-01-08 06:00:00,148.612,Library
697,2024-01-08 06:00:00,134.25,Engineering Block
698,2024-01-08 06:00:00,209.513,Hostel A
699,2024-01-08 06:00:00,146.496,Admin Block
700,2024-01-08 07:00:00,521.665,Library
701,2024-01-08 07:00:00,209.967,Engineering Block
702,2024-01-08 07:00:00,1429.927,Hostel A
703,2024-01-08 07:00:00,164.554,Admin Block
704,2024-01-08 08:00:00,198.128,Library
705,2024-01-08 08:00:00,295.226,Hostel A
706,2024-01-08 08:00:00,211.1,Engineering Block
707,2024-01-08 08:00:00,157.118,Admin Block
708,2024-01-08 09:00:00,195.625,Library
709,2024-01-08 09:00:00,253.199,Engineering Block
710,2024-01-08 09:00:00,157.044,Admin Block
711,2024-01-08 09:00:00,312.951,Hostel A
712,2024-01-08 10:00:00,246.581,Library
713,2024-01-08 10:00:00,342.099,Hostel A
714,2024-01-08 10:00:00,192.189,Admin Block
715,2024-01-08 10:00:00,217.177,Engineering Block
716,2024-01-08 11:00:00,221.653,Admin Block
717,2024-01-08 11:00:00,300.065,Engineering Block
718,2024-01-08 11:00:00,202.139,Library
719,2024-01-08 11:00:00,325.794,Hostel A
720,2024-01-08 12:00:00,281.986,Engineering Block
721,2024-01-08 12:00:00,188.702,Admin Block
722,2024-01-08 12:00:00,217.89,Library
723,2024-01-08 12:00:00,370.03,Hostel A
724,2024-01-08 13:00:00,238.244,Library
725,2024-01-08 13:00:00,312.158,Hostel A
726,2024-01-08 13:00:00,232.024,Admin Block
727,2024-01-08 13:00:00,237.103,Engineering Block
728,2024-01-08 14:00:00,375.473,Hostel A
729,2024-01-08 14:00:00,167.574,Admin Block
730,2024-01-08 14:00:00,238.332,Library
731,2024-01-08 14:00:00,287.046,Engineering Block
732,2024-01-08 15:00:00,171.787,Admin Block
733,2024-01-08 15:00:00,188.722,Library
734,2024-01-08 15:00:00,408.497,Hostel A
735,2024-01-08 15:00:00,246.405,Engineering Block
736,2024-01-08 16:00:00,194.567,Admin Block
737,2024-01-08 16:00:00,309.482,Hostel A
738,2024-01-08 16:00:00,236.57,Engineering Block
739,2024-01-08 16:00:00,203.235,Library
740,2024-01-08 17:00:00,154.99,Library
741,2024-01-08 17:00:00,151.392,Engineering Block
742,2024-01-08 17:00:00,135.222,Admin Block
743,2024-01-08 17:00:00,295.17,Hostel A
744,2024-01-08 18:00:00,140.846,Admin Block
745,2024-01-08 18:00:00,149.039,Library
746,2024-01-08 18:00:00,131.692,Engineering Block
747,2024-01-08 18:00:00,254.292,Hostel A
748,2024-01-08 19:00:00,148.424,Engineering Block
749,2024-01-08 19:00:00,93.106,Library
750,2024-01-08 19:00:00,241.249,Hostel A
751,2024-01-08 19:00:00,113.8,Admin Block
752,2024-01-08 20:00:00,77.8,Library
753,2024-01-08 20:00:00,109.251,Admin Block
754,2024-01-08 20:00:00,186.368,Hostel A
755,2024-01-08 20:00:00,103.353,Engineering Block
756,2024-01-08 21:00:00,69.534,Admin Block
757,2024-01-08 21:00:00,92.829,Engineering Block
758,2024-01-08 21:00:00,92.907,Library
759,2024-01-08 21:00:00,158.345,Hostel A
760,2024-01-08 22:00:00,52.959,Admin Block
761,2024-01-08 22:00:00,55.419,Library
762,2024-01-08 22:00:00,66.36,Engineering Block
763,2024-01-08 22:00:00,109.251,Hostel A
764,2024-01-08 23:00:00,61.422,Library
765,2024-01-08 23:00:00,80.212,Engineering Block
766,2024-01-08 23:00:00,119.018,Hostel A
767,2024-01-08 23:00:00,61.363,Admin Block
768,2024-01-09 00:00:00,50.122,Library
769,2024-01-09 00:00:00,64.134,Engineering Block
770,2024-01-09 00:00:00,59.171,Admin Block
771,2024-01-09 00:00:00,85.103,Hostel A
772,2024-01-09 01:00:00,98.572,Hostel A
773,2024-01-09 01:00:00,50.782,Library
774,2024-01-09 01:00:00,65.239,Admin Block
775,2024-01-09 01:00:00,76.2,Engineering Block
776,2024-01-09 02:00:00,128.034,Hostel A
777,2024-01-09 02:00:00,63.829,Engineering Block
778,2024-01-09 02:00:00,62.964,Library
779,2024-01-09 02:00:00,75.159,Admin Block
780,2024-01-09 03:00:00,91.432,Engineering Block
781,2024-01-09 03:00:00,92.447,Library
782,2024-01-09 03:00:00,130.802,Hostel A
783,2024-01-09 03:00:00,61.873,Admin Block
784,2024-01-09 04:00:00,92.482,Engineering Block
785,2024-01-09 04:00:00,196.701,Hostel A
786,2024-01-09 04:00:00,83.461,Admin Block
787,2024-01-09 04:00:00,98.739,Library
788,2024-01-09 05:00:00,235.268,Hostel A
789,2024-01-09 05:00:00,156.081,Engineering Block
790,2024-01-09 05:00:00,117.952,Admin Block
791,2024-01-09 05:00:00,135.211,Library
792,2024-01-09 06:00:00,210.801,Hostel A
793,2024-01-09 06:00:00,156.688,Engineering Block
794,2024-01-09 06:00:00,157.365,Admin Block
795,2024-01-09 06:00:00,148.299,Library
796,2024-01-09 07:00:00,158.582,Library
797,2024-01-09 07:00:00,250.919,Hostel A
798,2024-01-09 07:00:00,181.874,Admin Block
799,2024-01-09 07:00:00,153.098,Engineering Block
800,2024-01-09 08:00:00,178.793,Library
801,2024-01-09 08:00:00,259.779,Hostel A
802,2024-01-09 08:00:00,172.937,Engineering Block
803,2024-01-09 08:00:00,177.356,Admin Block
804,2024-01-09 09:00:00,396.418,Hostel A
805,2024-01-09 09:00:00,173.43,Library
806,2024-01-09 09:00:00,231.649,Engineering Block
807,2024-01-09 09:00:00,221.59,Admin Block
808,2024-01-09 10:00:00,202.061,Engineering Block
809,2024-01-09 10:00:00,214.203,Admin Block
810,2024-01-09 10:00:00,167.181,Library
811,2024-01-09 10:00:00,346.096,Hostel A
812,2024-01-09 11:00:00,220.981,Engineering Block
813,2024-01-09 11:00:00,201.449,Admin Block
814,2024-01-09 11:00:00,209.591,Library
815,2024-01-09 11:00:00,368.056,Hostel A
816,2024-01-09 12:00:00,249.732,Engineering Block
817,2024-01-09 12:00:00,225.083,Library
818,2024-01-09 12:00:00,353.677,Hostel A
819,2024-01-09 12:00:00,212.251,Admin Block
820,2024-01-09 13:00:00,326.53,Hostel A
821,2024-01-09 13:00:00,249.356,Library
822,2024-01-09 13:00:00,219.512,Admin Block
823,2024-01-09 13:00:00,252.757,Engineering Block
824,2024-01-09 14:00:00,251.492,Engineering Block
825,2024-01-09 14:00:00,223.3,Library
826,2024-01-09 14:00:00,206.741,Admin Block
827,2024-01-09 14:00:00,363.512,Hostel A
828,2024-01-09 15:00:00,222.165,Library
829,2024-01-09 15:00:00,239.106,Engineering Block
830,2024-01-09 15:00:00,309.888,Hostel A
831,2024-01-09 15:00:00,222.393,Admin Block
832,2024-01-09 16:00:00,202.473,Admin Block
833,2024-01-09 16:00:00,324.421,Hostel A
834,2024-01-09 16:00:00,197.615,Engineering Block
835,2024-01-09 16:00:00,208.762,Library
836,2024-01-09 17:00:00,193.819,Engineering Block
837,2024-01-09 17:00:00,147.64,Admin Block
838,2024-01-09 17:00:00,186.472,Library
839,2024-01-09 17:00:00,247.771,Hostel A
840,2024-01-09 18:00:00,244.515,Hostel A
841,2024-01-09 18:00:00,158.125,Admin Block
842,2024-01-09 18:00:00,154.542,Library
843,2024-01-09 18:00:00,138.201,Engineering Block
844,2024-01-09 19:00:00,242.479,Hostel A
845,2024-01-09 19:00:00,123.14,Engineering Block
846,2024-01-09 19:00:00,97.991,Admin Block
847,2024-01-09 19:00:00,98.806,Library
848,2024-01-09 20:00:00,161.649,Hostel A
849,2024-01-09 20:00:00,79.425,Admin Block
850,2024-01-09 20:00:00,125.508,Engineering Block
851,2024-01-09 20:00:00,90.147,Library
852,2024-01-09 21:00:00,165.599,Hostel A
853,2024-01-09 21:00:00,69.78,Library
854,2024-01-09 21:00:00,79.414,Engineering Block
855,2024-01-09 21:00:00,65.595,Admin Block
856,2024-01-09 22:00:00,75.594,Library
857,2024-01-09 22:00:00,96.218,Hostel A
858,2024-01-09 22:00:00,68.423,Engineering Block
859,2024-01-09 22:00:00,64.231,Admin Block
860,2024-01-09 23:00:00,60.415,Engineering Block
861,2024-01-09 23:00:00,45.354,Admin Block
862,2024-01-09 23:00:00,64.43,Library
863,2024-01-09 23:00:00,104.337,Hostel A
864,2024-01-10 00:00:00,101.249,Hostel A
865,2024-01-10 00:00:00,51.565,Library
866,2024-01-10 00:00:00,927.647,Engineering Block
867,2024-01-10 00:00:00,62.924,Admin Block
868,2024-01-10 01:00:00,59.28,Library
869,2024-01-10 01:00:00,63.428,Admin Block
870,2024-01-10 01:00:00,121.241,Hostel A
871,2024-01-10 01:00:00,53.891,Engineering Block
872,2024-01-10 02:00:00,73.953,Library
873,2024-01-10 02:00:00,136.815,Hostel A
874,2024-01-10 02:00:00,62.483,Engineering Block
875,2024-01-10 02:00:00,51.653,Admin Block
876,2024-01-10 03:00:00,66.858,Admin Block
877,2024-01-10 03:00:00,140.749,Hostel A
878,2024-01-10 03:00:00,89.517,Library
879,2024-01-10 03:00:00,90.791,Engineering Block
880,2024-01-10 04:00:00,84.737,Library
881,2024-01-10 04:00:00,87.11,Admin Block
882,2024-01-10 04:00:00,96.978,Engineering Block
883,2024-01-10 04:00:00,188.069,Hostel A
884,2024-01-10 05:00:00,126.587,Library
885,2024-01-10 05:00:00,96.055,Admin Block
886,2024-01-10 05:00:00,244.747,Hostel A
887,2024-01-10 05:00:00,145.002,Engineering Block
888,2024-01-10 06:00:00,179.072,Engineering Block
889,2024-01-10 06:00:00,149.919,Admin Block
890,2024-01-10 06:00:00,153.85,Library
891,2024-01-10 06:00:00,266.432,Hostel A
892,2024-01-10 07:00:00,144.549,Admin Block
893,2024-01-10 07:00:00,129.538,Library
894,2024-01-10 07:00:00,190.816,Engineering Block
895,2024-01-10 07:00:00,332.267,Hostel A
896,2024-01-10 08:00:00,371.979,Hostel A
897,2024-01-10 08:00:00,224.428,Engineering Block
898,2024-01-10 08:00:00,150.334,Library
899,2024-01-10 08:00:00,203.956,Admin Block
900,2024-01-10 09:00:00,196.236,Admin Block
901,2024-01-10 09:00:00,344.146,Hostel A
902,2024-01-10 09:00:00,218.16,Engineering Block
903,2024-01-10 09:00:00,190.334,Library
904,2024-01-10 10:00:00,233.443,Admin Block
905,2024-01-10 10:00:00,199.212,Engineering Block
906,2024-01-10 10:00:00,393.54,Hostel A
907,2024-01-10 10:00:00,185.212,Library
908,2024-01-10 11:00:00,335.238,Hostel A
909,2024-01-10 11:00:00,239.777,Admin Block
910,2024-01-10 11:00:00,249.708,Library
911,2024-01-10 11:00:00,246.851,Engineering Block
912,2024-01-10 12:00:00,248.059,Admin Block
913,2024-01-10 12:00:00,238.809,Library
914,2024-01-10 12:00:00,243.133,Engineering Block
915,2024-01-10 12:00:00,379.639,Hostel A
916,2024-01-10 13:00:00,440.779,Hostel A
917,2024-01-10 13:00:00,207.338,Admin Block
918,2024-01-10 13:00:00,235.178,Library
919,2024-01-10 13:00:00,262.797,Engineering Block
920,2024-01-10 14:00:00,206.482,Admin Block
921,2024-01-10 14:00:00,230.995,Library
922,2024-01-10 14:00:00,207.771,Engineering Block
923,2024-01-10 14:00:00,381.31,Hostel A
924,2024-01-10 15:00:00,316.091,Hostel A
925,2024-01-10 15:00:00,203.265,Engineering Block
926,2024-01-10 15:00:00,182.178,Library
927,2024-01-10 15:00:00,212.697,Admin Block
928,2024-01-10 16:00:00,268.684,Hostel A
929,2024-01-10 16:00:00,158.561,Admin Block
930,2024-01-10 16:00:00,158.997,Library
931,2024-01-10 16:00:00,234.423,Engineering Block
932,2024-01-10 17:00:00,166.515,Library
933,2024-01-10 17:00:00,167.588,Engineering Block
934,2024-01-10 17:00:00,251.043,Hostel A
935,2024-01-10 17:00:00,153.52,Admin Block
936,2024-01-10 18:00:00,154.414,Engineering Block
937,2024-01-10 18:00:00,132.506,Library
938,2024-01-10 18:00:00,206.894,Hostel A
939,2024-01-10 18:00:00,138.693,Admin Block
940,2024-01-10 19:00:00,90.85,Admin Block
941,2024-01-10 19:00:00,136.141,Library
942,2024-01-10 19:00:00,158.881,Engineering Block
943,2024-01-10 19:00:00,183.712,Hostel A
944,2024-01-10 20:00:00,96.875,Admin Block
945,2024-01-10 20:00:00,102.046,Engineering Block
946,2024-01-10 20:00:00,162.45,Hostel A
947,2024-01-10 20:00:00,101.512,Library
948,2024-01-10 21:00:00,74.768,Admin Block
949,2024-01-10 21:00:00,79.127,Engineering Block
950,2024-01-10 21:00:00,114.515,Hostel A
951,2024-01-10 21:00:00,75.417,Library
952,2024-01-10 22:00:00,75.27,Library
953,2024-01-10 22:00:00,132.77,Hostel A
954,2024-01-10 22:00:00,71.964,Admin Block
955,2024-01-10 22:00:00,83.155,Engineering Block
956,2024-01-10 23:00:00,98.401,Hostel A
957,2024-01-10 23:00:00,51.944,Admin Block
958,2024-01-10 23:00:00,69.145,Engineering Block
959,2024-01-10 23:00:00,54.934,Library
960,2024-01-11 00:00:00,99.986,Hostel A
961,2024-01-11 00:00:00,47.818,Library
962,2024-01-11 00:00:00,61.748,Admin Block
963,2024-01-11 00:00:00,66.923,Engineering Block
964,2024-01-11 01:00:00,64.184,Library
965,2024-01-11 01:00:00,57.836,Admin Block
966,2024-01-11 01:00:00,55.003,Engineering Block
967,2024-01-11 01:00:00,107.911,Hostel A
968,2024-01-11 02:00:00,65.176,Library
969,2024-01-11 02:00:00,74.392,Engineering Block
970,2024-01-11 02:00:00,99.756,Hostel A
971,2024-01-11 02:00:00,55.985,Admin Block
972,2024-01-11 03:00:00,71.391,Library
973,2024-01-11 03:00:00,73.925,Engineering Block
974,2024-01-11 03:00:00,116.746,Hostel A
975,2024-01-11 03:00:00,85.652,Admin Block
976,2024-01-11 04:00:00,97.568,Admin Block
977,2024-01-11 04:00:00,100.745,Engineering Block
978,2024-01-11 04:00:00,103.43,Library
979,2024-01-11 04:00:00,146.976,Hostel A
980,2024-01-11 05:00:00,146.439,Engineering Block
981,2024-01-11 05:00:00,138.167,Library
982,2024-01-11 05:00:00,92.58,Admin Block
983,2024-01-11 05:00:00,245.596,Hostel A
984,2024-01-11 06:00:00,123.273,Library
985,2024-01-11 06:00:00,204.901,Hostel A
986,2024-01-11 06:00:00,132.07,Engineering Block
987,2024-01-11 06:00:00,129.146,Admin Block
988,2024-01-11 07:00:00,176.907,Library
989,2024-01-11 07:00:00,272.505,Hostel A
990,2024-01-11 07:00:00,165.16,Admin Block
991,2024-01-11 07:00:00,169.836,Engineering Block
992,2024-01-11 08:00:00,248.859,Engineering Block
993,2024-01-11 08:00:00,202.464,Admin Block
994,2024-01-11 08:00:00,197.075,Library
995,2024-01-11 08:00:00,363.9,Hostel A
996,2024-01-11 09:00:00,358.361,Hostel A
997,2024-01-11 09:00:00,165.709,Library
998,2024-01-11 09:00:00,271.106,Engineering Block
999,2024-01-11 09:00:00,152.033,Admin Block
1000,2024-01-11 10:00:00,241.614,Engineering Block
1001,2024-01-11 10:00:00,298.501,Hostel A
1002,2024-01-11 10:00:00,236.753,Library
1003,2024-01-11 10:00:00,241.383,Admin Block
1004,2024-01-11 11:00:00,200.317,Admin Block
1005,2024-01-11 11:00:00,444.252,Hostel A
1006,2024-01-11 11:00:00,213.397,Library
1007,2024-01-11 11:00:00,276.831,Engineering Block
1008,2024-01-11 12:00:00,186.659,Library
1009,2024-01-11 12:00:00,371.402,Hostel A
1010,2024-01-11 12:00:00,253.898,Admin Block
1011,2024-01-11 12:00:00,269.853,Engineering Block
1012,2024-01-11 13:00:00,219.864,Library
1013,2024-01-11 13:00:00,249.509,Engineering Block
1014,2024-01-11 13:00:00,219.546,Admin Block
1015,2024-01-11 13:00:00,333.374,Hostel A
1016,2024-01-11 14:00:00,345.794,Hostel A
1017,2024-01-11 14:00:00,229.389,Admin Block
1018,2024-01-11 14:00:00,191.52,Library
1019,2024-01-11 14:00:00,278.142,Engineering Block
1020,2024-01-11 15:00:00,195.681,Admin Block
1021,2024-01-11 15:00:00,359.73,Hostel A
1022,2024-01-11 15:00:00,170.061,Library
1023,2024-01-11 15:00:00,198.229,Engineering Block
1024,2024-01-11 16:00:00,148.34,Library
1025,2024-01-11 16:00:00,257.92,Hostel A
1026,2024-01-11 16:00:00,235.56,Engineering Block
1027,2024-01-11 16:00:00,182.31,Admin Block
1028,2024-01-11 17:00:00,151.138,Engineering Block
1029,2024-01-11 17:00:00,139.414,Library
1030,2024-01-11 17:00:00,297.324,Hostel A
1031,2024-01-11 17:00:00,140.902,Admin Block
1032,2024-01-11 18:00:00,183.668,Engineering Block
1033,2024-01-11 18:00:00,133.335,Library
1034,2024-01-11 18:00:00,254.126,Hostel A
1035,2024-01-11 18:00:00,138.038,Admin Block
1036,2024-01-11 19:00:00,123.958,Admin Block
1037,2024-01-11 19:00:00,122.467,Library
1038,2024-01-11 19:00:00,144.812,Engineering Block
1039,2024-01-11 19:00:00,183.302,Hostel A
1040,2024-01-11 20:00:00,80.188,Library
1041,2024-01-11 20:00:00,109.686,Engineering Block
1042,2024-01-11 20:00:00,165.342,Hostel A
1043,2024-01-11 20:00:00,106.767,Admin Block
1044,2024-01-11 21:00:00,85.807,Library
1045,2024-01-11 21:00:00,98.538,Engineering Block
1046,2024-01-11 21:00:00,122.958,Hostel A
1047,2024-01-11 21:00:00,84.642,Admin Block
1048,2024-01-11 22:00:00,75.719,Engineering Block
1049,2024-01-11 22:00:00,94.54,Hostel A
1050,2024-01-11 22:00:00,69.162,Admin Block
1051,2024-01-11 22:00:00,55.409,Library
1052,2024-01-11 23:00:00,74.88,Engineering Block
1053,2024-01-11 23:00:00,64.266,Admin Block
1054,2024-01-11 23:00:00,105.774,Hostel A
1055,2024-01-11 23:00:00,50.199,Library
1056,2024-01-12 00:00:00,59.562,Library
1057,2024-01-12 00:00:00,54.158,Engineering Block
1058,2024-01-12 00:00:00,95.234,Hostel A
1059,2024-01-12 00:00:00,49.577,Admin Block
1060,2024-01-12 01:00:00,67.558,Engineering Block
1061,2024-01-12 01:00:00,116.341,Hostel A
1062,2024-01-12 01:00:00,66.574,Library
1063,2024-01-12 01:00:00,59.921,Admin Block
1064,2024-01-12 02:00:00,78.645,Library
1065,2024-01-12 02:00:00,88.371,Engineering Block
1066,2024-01-12 02:00:00,62.826,Admin Block
1067,2024-01-12 02:00:00,102.853,Hostel A
1068,2024-01-12 03:00:00,73.184,Admin Block
1069,2024-01-12 03:00:00,83.822,Library
1070,2024-01-12 03:00:00,107.979,Engineering Block
1071,2024-01-12 03:00:00,136.808,Hostel A
1072,2024-01-12 04:00:00,90.052,Admin Block
1073,2024-01-12 04:00:00,181.797,Hostel A
1074,2024-01-12 04:00:00,95.184,Library
1075,2024-01-12 04:00:00,99.57,Engineering Block
1076,2024-01-12 05:00:00,121.864,Engineering Block
1077,2024-01-12 05:00:00,96.784,Library
1078,2024-01-12 05:00:00,108.247,Admin Block
1079,2024-01-12 05:00:00,170.106,Hostel A
1080,2024-01-12 06:00:00,186.042,Engineering Block
1081,2024-01-12 06:00:00,229.321,Hostel A
1082,2024-01-12 06:00:00,140.434,Library
1083,2024-01-12 06:00:00,123.66,Admin Block
1084,2024-01-12 07:00:00,161.637,Admin Block
1085,2024-01-12 07:00:00,138.289,Library
1086,2024-01-12 07:00:00,302.131,Hostel A
1087,2024-01-12 07:00:00,173.597,Engineering Block
1088,2024-01-12 08:00:00,179.386,Library
1089,2024-01-12 08:00:00,171.302,Engineering Block
1090,2024-01-12 08:00:00,168.587,Admin Block
1091,2024-01-12 08:00:00,284.161,Hostel A
1092,2024-01-12 09:00:00,226.013,Admin Block
1093,2024-01-12 09:00:00,203.922,Library
1094,2024-01-12 09:00:00,247.717,Engineering Block
1095,2024-01-12 09:00:00,327.812,Hostel A
1096,2024-01-12 10:00:00,381.33,Hostel A
1097,2024-01-12 10:00:00,217.141,Admin Block
1098,2024-01-12 10:00:00,236.278,Library
1099,2024-01-12 10:00:00,235.049,Engineering Block
1100,2024-01-12 11:00:00,370.545,Hostel A
1101,2024-01-12 11:00:00,276.794,Engineering Block
1102,2024-01-12 11:00:00,201.435,Library
1103,2024-01-12 11:00:00,185.313,Admin Block
1104,2024-01-12 12:00:00,448.145,Hostel A
1105,2024-01-12 12:00:00,262.444,Library
1106,2024-01-12 12:00:00,207.189,Admin Block
1107,2024-01-12 12:00:00,253.907,Engineering Block
1108,2024-01-12 13:00:00,259.618,Library
1109,2024-01-12 13:00:00,253.038,Engineering Block
1110,2024-01-12 13:00:00,197.516,Admin Block
1111,2024-01-12 13:00:00,439.819,Hostel A
1112,2024-01-12 14:00:00,419.296,Hostel A
1113,2024-01-12 14:00:00,235.689,Library
1114,2024-01-12 14:00:00,235.355,Engineering Block
1115,2024-01-12 14:00:00,226.859,Admin Block
1116,2024-01-12 15:00:00,336.45,Hostel A
1117,2024-01-12 15:00:00,218.883,Admin Block
1118,2024-01-12 15:00:00,210.583,Library
1119,2024-01-12 15:00:00,208.993,Engineering Block
1120,2024-01-12 16:00:00,195.029,Library
1121,2024-01-12 16:00:00,277.207,Hostel A
1122,2024-01-12 16:00:00,241.58,Engineering Block
1123,2024-01-12 16:00:00,201.44,Admin Block
1124,2024-01-12 17:00:00,197.523,Engineering Block
1125,2024-01-12 17:00:00,164.152,Admin Block
1126,2024-01-12 17:00:00,296.824,Hostel A
1127,2024-01-12 17:00:00,182.298,Library
1128,2024-01-12 18:00:00,178.663,Engineering Block
1129,2024-01-12 18:00:00,236.411,Hostel A
1130,2024-01-12 18:00:00,121.142,Admin Block
1131,2024-01-12 18:00:00,161.978,Library
1132,2024-01-12 19:00:00,156.704,Engineering Block
1133,2024-01-12 19:00:00,132.223,Library
1134,2024-01-12 19:00:00,206.085,Hostel A
1135,2024-01-12 19:00:00,101.526,Admin Block
1136,2024-01-12 20:00:00,100.909,Engineering Block
1137,2024-01-12 20:00:00,106.64,Admin Block
1138,2024-01-12 20:00:00,180.679,Hostel A
1139,2024-01-12 20:00:00,101.454,Library
1140,2024-01-12 21:00:00,164.798,Hostel A
1141,2024-01-12 21:00:00,107.694,Engineering Block
1142,2024-01-12 21:00:00,65.515,Library
1143,2024-01-12 21:00:00,77.657,Admin Block
1144,2024-01-12 22:00:00,131.346,Hostel A
1145,2024-01-12 22:00:00,88.097,Engineering Block
1146,2024-01-12 22:00:00,69.161,Library
1147,2024-01-12 22:00:00,71.831,Admin Block
1148,2024-01-12 23:00:00,67.502,Engineering Block
1149,2024-01-12 23:00:00,54.298,Library
1150,2024-01-12 23:00:00,57.715,Admin Block
1151,2024-01-12 23:00:00,86.915,Hostel A
1152,2024-01-13 00:00:00,47.521,Library
1153,2024-01-13 00:00:00,113.231,Hostel A
1154,2024-01-13 00:00:00,58.338,Admin Block
1155,2024-01-13 00:00:00,65.804,Engineering Block
1156,2024-01-13 01:00:00,66.756,Library
1157,2024-01-13 01:00:00,109.587,Hostel A
1158,2024-01-13 01:00:00,56.966,Engineering Block
1159,2024-01-13 01:00:00,56.516,Admin Block
1160,2024-01-13 02:00:00,85.005,Engineering Block
1161,2024-01-13 02:00:00,108.483,Hostel A
1162,2024-01-13 02:00:00,74.473,Library
1163,2024-01-13 02:00:00,71.029,Admin Block
1164,2024-01-13 03:00:00,78.921,Admin Block
1165,2024-01-13 03:00:00,80.157,Engineering Block
1166,2024-01-13 03:00:00,153.03,Hostel A
1167,2024-01-13 03:00:00,79.832,Library
1168,2024-01-13 04:00:00,94.635,Library
1169,2024-01-13 04:00:00,92.102,Admin Block
1170,2024-01-13 04:00:00,168.678,Hostel A
1171,2024-01-13 04:00:00,113.629,Engineering Block
1172,2024-01-13 05:00:00,105.597,Admin Block
1173,2024-01-13 05:00:00,210.627,Hostel A
1174,2024-01-13 05:00:00,115.073,Engineering Block
1175,2024-01-13 05:00:00,115.397,Library
1176,2024-01-13 06:00:00,110.363,Admin Block
1177,2024-01-13 06:00:00,250.399,Hostel A
1178,2024-01-13 06:00:00,124.067,Library
1179,2024-01-13 06:00:00,132.799,Engineering Block
1180,2024-01-13 07:00:00,146.595,Admin Block
1181,2024-01-13 07:00:00,242.004,Hostel A
1182,2024-01-13 07:00:00,152.332,Library
1183,2024-01-13 07:00:00,193.1,Engineering Block
1184,2024-01-13 08:00:00,173.84,Library
1185,2024-01-13 08:00:00,298.959,Hostel A
1186,2024-01-13 08:00:00,144.264,Admin Block
1187,2024-01-13 08:00:00,207.475,Engineering Block
1188,2024-01-13 09:00:00,157.503,Library
1189,2024-01-13 09:00:00,226.698,Admin Block
1190,2024-01-13 09:00:00,1106.493,Engineering Block
1191,2024-01-13 09:00:00,337.763,Hostel A
1192,2024-01-13 10:00:00,241.256,Library
1193,2024-01-13 10:00:00,176.906,Admin Block
1194,2024-01-13 10:00:00,271.696,Engineering Block
1195,2024-01-13 10:00:00,304.447,Hostel A
1196,2024-01-13 11:00:00,418.881,Hostel A
1197,2024-01-13 11:00:00,175.898,Library
1198,2024-01-13 11:00:00,237.006,Admin Block
1199,2024-01-13 11:00:00,301.825,Engineering Block
1200,2024-01-13 12:00:00,213.623,Engineering Block
1201,2024-01-13 12:00:00,208.357,Library
1202,2024-01-13 12:00:00,362.469,Hostel A
1203,2024-01-13 12:00:00,245.461,Admin Block
1204,2024-01-13 13:00:00,380.913,Hostel A
1205,2024-01-13 13:00:00,266.259,Engineering Block
1206,2024-01-13 13:00:00,226.601,Admin Block
1207,2024-01-13 13:00:00,181.682,Library
1208,2024-01-13 14:00:00,250.875,Engineering Block
1209,2024-01-13 14:00:00,208.359,Admin Block
1210,2024-01-13 14:00:00,183.218,Library
1211,2024-01-13 14:00:00,436.175,Hostel A
1212,2024-01-13 15:00:00,229.989,Library
1213,2024-01-13 15:00:00,164.237,Admin Block
1214,2024-01-13 15:00:00,397.7,Hostel A
1215,2024-01-13 15:00:00,241.855,Engineering Block
1216,2024-01-13 16:00:00,169.175,Library
1217,2024-01-13 16:00:00,171.128,Admin Block
1218,2024-01-13 16:00:00,211.804,Engineering Block
1219,2024-01-13 16:00:00,287.708,Hostel A
1220,2024-01-13 17:00:00,173.024,Library
1221,2024-01-13 17:00:00,269.987,Hostel A
1222,2024-01-13 17:00:00,189.277,Engineering Block
1223,2024-01-13 17:00:00,144.576,Admin Block
1224,2024-01-13 18:00:00,183.771,Engineering Block
1225,2024-01-13 18:00:00,250.341,Hostel A
1226,2024-01-13 18:00:00,116.683,Library
1227,2024-01-13 18:00:00,118.732,Admin Block
1228,2024-01-13 19:00:00,104.363,Library
1229,2024-01-13 19:00:00,132.691,Engineering Block
1230,2024-01-13 19:00:00,174.312,Hostel A
1231,2024-01-13 19:00:00,116.858,Admin Block
1232,2024-01-13 20:00:00,86.371,Admin Block
1233,2024-01-13 20:00:00,110.685,Library
1234,2024-01-13 20:00:00,113.68,Engineering Block
1235,2024-01-13 20:00:00,190.57,Hostel A
1236,2024-01-13 21:00:00,91.733,Library
1237,2024-01-13 21:00:00,99.253,Engineering Block
1238,2024-01-13 21:00:00,89.596,Admin Block
1239,2024-01-13 21:00:00,130.258,Hostel A
1240,2024-01-13 22:00:00,74.586,Admin Block
1241,2024-01-13 22:00:00,60.31,Library
1242,2024-01-13 22:00:00,64.305,Engineering Block
1243,2024-01-13 22:00:00,98.951,Hostel A
1244,2024-01-13 23:00:00,65.505,Engineering Block
1245,2024-01-13 23:00:00,110.821,Hostel A
1246,2024-01-13 23:00:00,445.203,Admin Block
1247,2024-01-13 23:00:00,68.463,Library
1248,2024-01-14 00:00:00,97.943,Hostel A
1249,2024-01-14 00:00:00,58.57,Library
1250,2024-01-14 00:00:00,45.056,Admin Block
1251,2024-01-14 00:00:00,53.868,Engineering Block
1252,2024-01-14 01:00:00,57.754,Library
1253,2024-01-14 01:00:00,57.583,Engineering Block
1254,2024-01-14 01:00:00,49.201,Admin Block
1255,2024-01-14 01:00:00,82.98,Hostel A
1256,2024-01-14 02:00:00,64.075,Admin Block
1257,2024-01-14 02:00:00,119.865,Hostel A
1258,2024-01-14 02:00:00,61.616,Engineering Block
1259,2024-01-14 02:00:00,62.692,Library
1260,2024-01-14 03:00:00,81.502,Engineering Block
1261,2024-01-14 03:00:00,83.828,Admin Block
1262,2024-01-14 03:00:00,154.948,Hostel A
1263,2024-01-14 03:00:00,73.852,Library
1264,2024-01-14 04:00:00,82.483,Admin Block
1265,2024-01-14 04:00:00,138.423,Hostel A
1266,2024-01-14 04:00:00,99.404,Engineering Block
1267,2024-01-14 04:00:00,113.404,Library
1268,2024-01-14 05:00:00,124.856,Library
1269,2024-01-14 05:00:00,218.568,Hostel A
1270,2024-01-14 05:00:00,101.33,Admin Block
1271,2024-01-14 05:00:00,136.167,Engineering Block
1272,2024-01-14 06:00:00,139.07,Library
1273,2024-01-14 06:00:00,219.079,Hostel A
1274,2024-01-14 06:00:00,152.17,Admin Block
1275,2024-01-14 06:00:00,164.657,Engineering Block
1276,2024-01-14 07:00:00,129.561,Library
1277,2024-01-14 07:00:00,273.925,Hostel A
1278,2024-01-14 07:00:00,209.008,Engineering Block
1279,2024-01-14 07:00:00,148.933,Admin Block
1280,2024-01-14 08:00:00,181.52,Admin Block
1281,2024-01-14 08:00:00,207.101,Engineering Block
1282,2024-01-14 08:00:00,262.277,Hostel A
1283,2024-01-14 08:00:00,160.348,Library
1284,2024-01-14 09:00:00,351.143,Hostel A
1285,2024-01-14 09:00:00,230.047,Library
1286,2024-01-14 09:00:00,169.761,Admin Block
1287,2024-01-14 09:00:00,263.827,Engineering Block
1288,2024-01-14 10:00:00,233.165,Engineering Block
1289,2024-01-14 10:00:00,434.81,Hostel A
1290,2024-01-14 10:00:00,213.232,Library
1291,2024-01-14 10:00:00,170.447,Admin Block
1292,2024-01-14 11:00:00,354.456,Hostel A
1293,2024-01-14 11:00:00,212.056,Admin Block
1294,2024-01-14 11:00:00,277.734,Engineering Block
1295,2024-01-14 11:00:00,204.362,Library
1296,2024-01-14 12:00:00,321.457,Hostel A
1297,2024-01-14 12:00:00,261.663,Engineering Block
1298,2024-01-14 12:00:00,852.573,Admin Block
1299,2024-01-14 12:00:00,176.445,Library
1300,2024-01-14 13:00:00,181.444,Admin Block
1301,2024-01-14 13:00:00,438.027,Hostel A
1302,2024-01-14 13:00:00,265.511,Engineering Block
1303,2024-01-14 13:00:00,195.35,Library
1304,2024-01-14 14:00:00,212.601,Admin Block
1305,2024-01-14 14:00:00,187.993,Library
1306,2024-01-14 14:00:00,436.106,Hostel A
1307,2024-01-14 14:00:00,221.028,Engineering Block
1308,2024-01-14 15:00:00,268.037,Engineering Block
1309,2024-01-14 15:00:00,193.348,Admin Block
1310,2024-01-14 15:00:00,345.436,Hostel A
1311,2024-01-14 15:00:00,169.667,Library
1312,2024-01-14 16:00:00,230.665,Engineering Block
1313,2024-01-14 16:00:00,368.133,Hostel A
1314,2024-01-14 16:00:00,184.118,Admin Block
1315,2024-01-14 16:00:00,167.299,Library
1316,2024-01-14 17:00:00,158.801,Engineering Block
1317,2024-01-14 17:00:00,139.652,Library
1318,2024-01-14 17:00:00,132.208,Admin Block
1319,2024-01-14 17:00:00,327.169,Hostel A
1320,2024-01-14 18:00:00,266.239,Hostel A
1321,2024-01-14 18:00:00,113.211,Library
1322,2024-01-14 18:00:00,146.826,Admin Block
1323,2024-01-14 18:00:00,162.558,Engineering Block
1324,2024-01-14 19:00:00,97.256,Library
1325,2024-01-14 19:00:00,100.159,Admin Block
1326,2024-01-14 19:00:00,162.118,Engineering Block
1327,2024-01-14 19:00:00,232.856,Hostel A
1328,2024-01-14 20:00:00,95.914,Library
1329,2024-01-14 20:00:00,147.349,Hostel A
1330,2024-01-14 20:00:00,91.889,Engineering Block
1331,2024-01-14 20:00:00,94.106,Admin Block
1332,2024-01-14 21:00:00,65.393,Library
1333,2024-01-14 21:00:00,85.571,Admin Block
1334,2024-01-14 21:00:00,84.937,Engineering Block
1335,2024-01-14 21:00:00,159.507,Hostel A
1336,2024-01-14 22:00:00,77.38,Library
1337,2024-01-14 22:00:00,51.841,Admin Block
1338,2024-01-14 22:00:00,112.983,Hostel A
1339,2024-01-14 22:00:00,84.349,Engineering Block
1340,2024-01-14 23:00:00,52.149,Admin Block
1341,2024-01-14 23:00:00,93.607,Hostel A
1342,2024-01-14 23:00:00,50.903,Library
1343,2024-01-14 23:00:00,54.931,Engineering Block
1344,2024-01-15 00:00:00,70.385,Engineering Block
1345,2024-01-15 00:00:00,99.772,Hostel A
1346,2024-01-15 00:00:00,54.094,Library
1347,2024-01-15 00:00:00,61.322,Admin Block
1348,2024-01-15 01:00:00,116.973,Hostel A
1349,2024-01-15 01:00:00,55.716,Library
1350,2024-01-15 01:00:00,63.823,Admin Block
1351,2024-01-15 01:00:00,69.316,Engineering Block
1352,2024-01-15 02:00:00,60.407,Library
1353,2024-01-15 02:00:00,84.069,Engineering Block
1354,2024-01-15 02:00:00,113.803,Hostel A
1355,2024-01-15 02:00:00,65.071,Admin Block
1356,2024-01-15 03:00:00,94.085,Engineering Block
1357,2024-01-15 03:00:00,88.069,Admin Block
1358,2024-01-15 03:00:00,116.469,Hostel A
1359,2024-01-15 03:00:00,73.415,Library
1360,2024-01-15 04:00:00,131.817,Engineering Block
1361,2024-01-15 04:00:00,84.96,Library
1362,2024-01-15 04:00:00,155.886,Hostel A
1363,2024-01-15 04:00:00,110.185,Admin Block
1364,2024-01-15 05:00:00,105.707,Library
1365,2024-01-15 05:00:00,187.95,Hostel A
1366,2024-01-15 05:00:00,127.401,Admin Block
1367,2024-01-15 05:00:00,126.976,Engineering Block
1368,2024-01-15 06:00:00,262.591,Hostel A
1369,2024-01-15 06:00:00,164.93,Engineering Block
1370,2024-01-15 06:00:00,116.186,Library
1371,2024-01-15 06:00:00,152.301,Admin Block
1372,2024-01-15 07:00:00,170.504,Library
1373,2024-01-15 07:00:00,151.783,Engineering Block
1374,2024-01-15 07:00:00,332.392,Hostel A
1375,2024-01-15 07:00:00,129.384,Admin Block
1376,2024-01-15 08:00:00,188.67,Library
1377,2024-01-15 08:00:00,212.658,Engineering Block
1378,2024-01-15 08:00:00,183.922,Admin Block
1379,2024-01-15 08:00:00,322.775,Hostel A
1380,2024-01-15 09:00:00,180.676,Library
1381,2024-01-15 09:00:00,220.755,Engineering Block
1382,2024-01-15 09:00:00,205.471,Admin Block
1383,2024-01-15 09:00:00,312.508,Hostel A
1384,2024-01-15 10:00:00,290.418,Engineering Block
1385,2024-01-15 10:00:00,399.937,Hostel A
1386,2024-01-15 10:00:00,240.205,Library
1387,2024-01-15 10:00:00,211.663,Admin Block
1388,2024-01-15 11:00:00,298.073,Engineering Block
1389,2024-01-15 11:00:00,330.297,Hostel A
1390,2024-01-15 11:00:00,235.974,Admin Block
1391,2024-01-15 11:00:00,206.864,Library
1392,2024-01-15 12:00:00,321.16,Hostel A
1393,2024-01-15 12:00:00,219.178,Engineering Block
1394,2024-01-15 12:00:00,173.709,Admin Block
1395,2024-01-15 12:00:00,229.273,Library
1396,2024-01-15 13:00:00,206.596,Engineering Block
1397,2024-01-15 13:00:00,407.389,Hostel A
1398,2024-01-15 13:00:00,233.497,Admin Block
1399,2024-01-15 13:00:00,218.722,Library
1400,2024-01-15 14:00:00,206.453,Engineering Block
1401,2024-01-15 14:00:00,221.514,Admin Block
1402,2024-01-15 14:00:00,351.501,Hostel A
1403,2024-01-15 14:00:00,193.9,Library
1404,2024-01-15 15:00:00,229.001,Library
1405,2024-01-15 15:00:00,200.075,Engineering Block
1406,2024-01-15 15:00:00,339.853,Hostel A
1407,2024-01-15 15:00:00,171.74,Admin Block
1408,2024-01-15 16:00:00,156.574,Admin Block
1409,2024-01-15 16:00:00,227.043,Engineering Block
1410,2024-01-15 16:00:00,262.506,Hostel A
1411,2024-01-15 16:00:00,203.201,Library
1412,2024-01-15 17:00:00,278.92,Hostel A
1413,2024-01-15 17:00:00,180.133,Library
1414,2024-01-15 17:00:00,162.277,Admin Block
1415,2024-01-15 17:00:00,188.286,Engineering Block
1416,2024-01-15 18:00:00,162.397,Engineering Block
1417,2024-01-15 18:00:00,253.74,Hostel A
1418,2024-01-15 18:00:00,162.13,Library
1419,2024-01-15 18:00:00,125.149,Admin Block
1420,2024-01-15 19:00:00,245.29,Hostel A
1421,2024-01-15 19:00:00,126.057,Admin Block
1422,2024-01-15 19:00:00,133.369,Engineering Block
1423,2024-01-15 19:00:00,92.83,Library
1424,2024-01-15 20:00:00,91.371,Admin Block
1425,2024-01-15 20:00:00,95.737,Library
1426,2024-01-15 20:00:00,137.771,Hostel A
1427,2024-01-15 20:00:00,89.99,Engineering Block
1428,2024-01-15 21:00:00,85.492,Admin Block
1429,2024-01-15 21:00:00,92.827,Library
1430,2024-01-15 21:00:00,141.076,Hostel A
1431,2024-01-15 21:00:00,88.244,Engineering Block
1432,2024-01-15 22:00:00,116.31,Hostel A
1433,2024-01-15 22:00:00,76.658,Admin Block
1434,2024-01-15 22:00:00,56.271,Library
1435,2024-01-15 22:00:00,92.293,Engineering Block
1436,2024-01-15 23:00:00,75.965,Engineering Block
1437,2024-01-15 23:00:00,51.801,Library
1438,2024-01-15 23:00:00,107.461,Hostel A
1439,2024-01-15 23:00:00,51.608,Admin Block
1440,2024-01-16 00:00:00,54.991,Library
1441,2024-01-16 00:00:00,111.117,Hostel A
1442,2024-01-16 00:00:00,65.931,Engineering Block
1443,2024-01-16 00:00:00,45.742,Admin Block
1444,2024-01-16 01:00:00,102.258,Hostel A
1445,2024-01-16 01:00:00,59.162,Engineering Block
1446,2024-01-16 01:00:00,65.093,Admin Block
1447,2024-01-16 01:00:00,61.801,Library
1448,2024-01-16 02:00:00,120.323,Hostel A
1449,2024-01-16 02:00:00,61.499,Library
1450,2024-01-16 02:00:00,65.151,Admin Block
1451,2024-01-16 02:00:00,89.878,Engineering Block
1452,2024-01-16 03:00:00,140.281,Hostel A
1453,2024-01-16 03:00:00,72.872,Library
1454,2024-01-16 03:00:00,89.412,Engineering Block
1455,2024-01-16 03:00:00,91.391,Admin Block
1456,2024-01-16 04:00:00,117.463,Engineering Block
1457,2024-01-16 04:00:00,98.486,Admin Block
1458,2024-01-16 04:00:00,190.588,Hostel A
1459,2024-01-16 04:00:00,106.634,Library
